album_id,title,artist_username,album_length,number_of_likes,image_url,release_date
1,Outbreak,41,00:16:00,4320612,http://cdbaby.com/eget/orci/vehicula/condimentum/curabitur/in/libero.json,2000-04-09
2,C.H.U.D.,50,00:57:00,7170702,http://facebook.com/praesent/blandit/nam/nulla/integer.jsp,2008-05-26
3,Final Destination 5,44,01:24:00,9630506,http://zdnet.com/sed.jpg,2008-02-13
4,Love Stinks,40,02:17:00,1726356,http://craigslist.org/eleifend/pede/libero/quis/orci.aspx,2011-12-03
5,Flowing (Nagareru),39,02:11:00,9843112,https://typepad.com/quam/sollicitudin/vitae/consectetuer.html,2008-08-15
6,Mohabbatein,50,02:26:00,2445807,http://netlog.com/nulla/nisl/nunc/nisl/duis.png,2013-05-14
7,Alice in the Cities (Alice in den Stadten),46,00:19:00,8220276,https://yahoo.co.jp/nulla/elit/ac/nulla/sed/vel.xml,2009-12-20
8,"Best Man, The (Testimone dello sposo, Il)",32,01:18:00,4158906,https://amazon.co.jp/viverra/diam/vitae.aspx,2004-06-11
9,"Music Box, The",48,01:51:00,3981354,http://bing.com/potenti/nullam/porttitor/lacus/at.xml,2014-07-10
10,Tucker: The Man and His Dream,32,00:14:00,6001619,http://mapquest.com/quis.png,2000-02-29
11,The Amazing Catfish,45,00:24:00,6106601,https://redcross.org/maecenas/pulvinar.html,2014-05-08
12,Trauma,36,01:52:00,3035912,http://so-net.ne.jp/cursus.png,2007-06-22
13,Black Knight,36,00:36:00,6627595,http://ebay.co.uk/sem/sed/sagittis/nam/congue/risus.jpg,2005-06-19
14,Runaway Bride,40,00:11:00,8387565,https://jimdo.com/amet/erat/nulla/tempus/vivamus/in.png,2017-01-26
15,Ricky Gervais Live: Animals,46,00:19:00,4064819,https://wired.com/bibendum/felis/sed/interdum/venenatis.html,2011-03-24
16,Al Capone,35,01:59:00,5106031,http://uiuc.edu/quisque/porta/volutpat/erat.jsp,2019-03-03
17,Fuse (Gori vatra),44,02:13:00,1174333,https://lulu.com/molestie/lorem/quisque/ut.html,2017-02-13
18,Happy New Year,37,01:40:00,8823200,http://redcross.org/habitasse/platea/dictumst.js,2000-04-05
19,How Stella Got Her Groove Back,46,01:33:00,1134321,https://wisc.edu/ut/dolor.jsp,2020-02-16
20,R.I.P.D.,50,01:32:00,6191667,http://icq.com/sit/amet.xml,2014-05-16
21,Mom's Night Out,31,01:03:00,116080,https://globo.com/suscipit/nulla/elit/ac/nulla.jpg,2001-01-13
22,"Cat in the Hat, The",43,00:06:00,3647745,http://earthlink.net/ut/at/dolor/quis/odio.html,2021-04-19
23,Ladrón que roba a ladrón,35,01:10:00,1671029,http://who.int/sit/amet/erat/nulla.png,2010-11-29
24,Nomad (Köshpendiler),45,02:23:00,9825361,https://theguardian.com/blandit.js,2015-03-29
25,Conquest 1453 (Fetih 1453),33,01:41:00,3133868,http://yolasite.com/tortor/sollicitudin/mi/sit/amet/lobortis/sapien.js,2008-12-17
26,"Crazies, The (a.k.a. Code Name: Trixie)",36,00:53:00,8639482,http://yellowbook.com/at/feugiat/non/pretium/quis/lectus/suspendisse.aspx,2003-02-18
27,Comrade Pedersen (Gymnaslærer Pedersen),41,01:31:00,1836204,http://google.fr/massa.png,2014-02-27
28,Keeping Mum,32,01:51:00,6739212,http://sciencedaily.com/risus/dapibus/augue/vel/accumsan/tellus.jpg,2012-09-28
29,Earth vs. The Spider,31,01:23:00,2369513,https://addtoany.com/vivamus/vel.json,2005-10-03
30,"Cell 2, The",33,00:07:00,6511804,https://hao123.com/eget/elit/sodales/scelerisque/mauris/sit/amet.aspx,2021-05-22
31,Resident Evil: Extinction,45,02:03:00,9759493,http://marriott.com/consequat/in/consequat/ut.jpg,2007-06-05
32,Bad Milo (Bad Milo!),34,00:11:00,6254826,http://berkeley.edu/non/sodales/sed/tincidunt/eu/felis/fusce.jsp,2005-06-21
33,"Bat, The",42,02:02:00,872510,https://blogs.com/nulla/ut.js,2009-01-21
34,Don't Go Breaking My Heart (Daan gyun naam yu),36,01:20:00,5161919,http://artisteer.com/orci/luctus/et/ultrices/posuere/cubilia/curae.jsp,2019-04-12
35,"Inbetweeners Movie, The",48,00:51:00,393215,http://mlb.com/et/ultrices/posuere/cubilia/curae.jsp,2009-11-29
36,Spinout,42,00:10:00,9082757,https://spotify.com/dapibus/nulla/suscipit/ligula.jpg,2020-04-08
37,Highlander: The Search for Vengeance,31,00:32:00,6432156,https://ow.ly/at/turpis.aspx,2019-05-24
38,Thomas and the Magic Railroad,41,00:11:00,1451510,https://domainmarket.com/pharetra/magna/vestibulum/aliquet/ultrices/erat/tortor.jpg,2020-06-23
39,I Got the Hook Up,36,00:34:00,1863075,http://dagondesign.com/odio/condimentum/id/luctus/nec/molestie.jpg,2019-04-27
40,"Blackbird, The",42,01:36:00,231112,http://sciencedaily.com/sed/vestibulum/sit/amet/cursus/id/turpis.xml,2018-09-01
41,Reefer Madness: The Movie Musical,40,02:29:00,6363276,https://php.net/justo/eu/massa/donec/dapibus/duis/at.json,2018-09-09
42,Lone Wolf and Cub: Baby Cart to Hades (Kozure Ôkami: Shinikazeni mukau ubaguruma),50,02:29:00,261003,http://microsoft.com/vestibulum/ante.jsp,2004-11-01
43,Aberdeen,50,01:57:00,5741988,https://linkedin.com/est/phasellus/sit/amet/erat/nulla/tempus.json,2014-05-14
44,The Gilded Cage,40,01:52:00,1357786,https://salon.com/penatibus/et/magnis/dis/parturient/montes/nascetur.xml,2000-10-25
45,Sushi Girl,33,00:54:00,174868,https://photobucket.com/at.aspx,2003-09-15
46,Mountains of the Moon,46,00:23:00,5265739,https://skype.com/maecenas/leo/odio/condimentum.png,2001-11-24
47,Vampire Hunter D,41,01:09:00,8908312,http://t-online.de/vivamus/vel/nulla/eget.json,2012-04-25
48,Bandslam,39,01:38:00,2244379,http://dagondesign.com/id/ornare/imperdiet/sapien/urna/pretium/nisl.jpg,2019-04-09
49,Eye of the Tiger,45,01:21:00,7736908,https://exblog.jp/in.js,2003-03-01
50,"Hounds, The",45,00:47:00,5870662,https://ustream.tv/mus/etiam/vel.html,2001-08-09
51,Earth (Zemlya),34,00:55:00,860660,http://sciencedaily.com/ut/mauris/eget/massa.json,2019-05-13
52,Sweet Smell of Success,36,00:34:00,9553809,https://shutterfly.com/mus/etiam/vel/augue.png,2016-11-22
53,Days of Grace (Días de gracia) ,47,02:29:00,3281099,https://cloudflare.com/nonummy/maecenas/tincidunt/lacus/at.json,2009-07-01
54,Thumbsucker,43,00:43:00,2608918,http://wix.com/viverra/pede/ac/diam/cras/pellentesque.json,2000-12-10
55,Mr. Bug Goes to Town (a.k.a. Hoppity Goes to Town),39,00:27:00,2625252,http://youtu.be/dictumst/etiam/faucibus.html,2007-08-02
56,"Girls Can''t Swim (Filles ne savent pas nager, Les)",50,00:10:00,7330212,http://biblegateway.com/imperdiet.aspx,2011-04-28
57,Halfmoon (Paul Bowles - Halbmond),31,00:21:00,932862,https://vistaprint.com/pharetra/magna/vestibulum/aliquet.json,2010-07-18
58,Tenchi: The Samurai Astronomer,35,00:35:00,2012926,http://nationalgeographic.com/vivamus/in/felis/eu/sapien/cursus/vestibulum.html,2001-01-19
59,American Violet,31,01:23:00,4790786,http://cocolog-nifty.com/erat/tortor/sollicitudin/mi/sit.jsp,2021-11-11
60,Things We Do For Love (Kaikella rakkaudella),45,01:01:00,2479872,https://alibaba.com/a/pede/posuere/nonummy/integer.jpg,2007-06-17
61,Judy Moody and the Not Bummer Summer,50,02:13:00,4799237,https://myspace.com/vitae/consectetuer/eget/rutrum/at/lorem/integer.aspx,2012-01-05
62,Nowhere,32,01:40:00,9446619,http://ftc.gov/diam/nam.png,2005-02-07
63,"Hills Have Eyes Part II, The",50,02:28:00,7520359,https://reverbnation.com/placerat/praesent/blandit/nam/nulla/integer/pede.json,2002-08-16
64,"Coca-Cola Kid, The",38,01:36:00,8787342,http://goodreads.com/luctus/ultricies/eu/nibh/quisque/id.jpg,2007-04-17
65,For Love or Money,48,02:02:00,2476264,https://huffingtonpost.com/donec/dapibus/duis.png,2006-07-23
66,Bicentennial Man,46,01:54:00,3705054,http://noaa.gov/amet/sem.aspx,2000-10-11
67,My Boy Jack,49,00:34:00,9538316,http://dailymail.co.uk/nulla/pede/ullamcorper.json,2008-02-03
68,Adoration,34,01:24:00,5852407,http://state.tx.us/in/leo/maecenas.json,2009-02-11
69,"Thing from Another World, The",39,01:12:00,1167188,http://123-reg.co.uk/ante/ipsum.png,2021-06-25
70,Iris,39,02:23:00,5934428,https://alibaba.com/mauris/lacinia/sapien/quis/libero/nullam.aspx,2000-12-18
71,"Confession, The (L''aveu)",38,01:22:00,2124984,https://harvard.edu/erat/eros/viverra/eget/congue/eget.html,2016-12-07
72,Typhoon (Tae-poong),42,00:30:00,33014,http://marketwatch.com/lacinia/eget.json,2013-10-03
73,Jesus of Montreal (Jésus de Montréal),48,00:31:00,3672545,https://epa.gov/suspendisse/accumsan.png,2014-12-25
74,Crime of Passion,47,01:59:00,265350,http://youtu.be/lectus.xml,2018-07-29
75,Assassins,42,01:19:00,8541838,https://jigsy.com/imperdiet/et/commodo.json,2001-04-25
76,Almighty Thor,45,00:32:00,2413892,http://delicious.com/in.json,2018-04-08
77,Regular Guys (Echte Kerle),37,01:30:00,9653241,http://google.de/semper/interdum/mauris/ullamcorper/purus.jsp,2001-03-01
78,"Home Song Stories, The",50,00:03:00,5416356,http://sphinn.com/mauris/enim.js,2009-05-07
79,13 Tzameti,39,02:07:00,7869832,http://vimeo.com/turpis/integer/aliquet/massa/id/lobortis/convallis.json,2012-11-27
80,Paranoid Park,42,00:10:00,4493780,https://addthis.com/ac.xml,2008-12-17
81,My Mother Likes Women (A mi madre le gustan las mujeres),37,00:33:00,3568229,https://360.cn/mauris/viverra/diam/vitae/quam.png,2000-02-04
82,The Land Before Time XI: Invasion of the Tinysauruses,33,02:07:00,3633093,https://wix.com/praesent/lectus/vestibulum/quam.aspx,2019-05-27
83,"Man Who Knew Too Little, The",43,01:55:00,6429737,https://sfgate.com/nullam/molestie/nibh/in/lectus/pellentesque/at.json,2005-10-09
84,"Counterfeit Coin, The (Istoria mias kalpikis liras)",41,01:43:00,1203454,http://columbia.edu/purus/phasellus.png,2014-07-08
85,Prom,32,00:35:00,5786925,http://acquirethisname.com/congue/elementum.png,2007-11-13
86,"Stockholm, Pennsylvania",47,01:43:00,3866749,https://shinystat.com/sit/amet.json,2007-04-07
87,Project Almanac,48,00:39:00,2444635,http://harvard.edu/mauris/enim/leo.png,2014-07-01
88,Wish You Were Here,44,02:05:00,2605166,https://edublogs.org/faucibus/accumsan/odio/curabitur/convallis/duis/consequat.html,2015-04-17
89,Story of a Prostitute (Shunpu den),40,01:21:00,7658439,https://discovery.com/id/justo/sit/amet/sapien/dignissim/vestibulum.xml,2003-03-29
90,Limitless,38,02:28:00,1430086,http://t.co/integer.html,2014-02-26
91,"Touch of Zen, A (Xia nu)",50,02:08:00,1855481,http://smh.com.au/integer/aliquet.json,2007-04-28
92,Hercules in the Underworld,43,01:47:00,8297309,https://domainmarket.com/libero/non/mattis/pulvinar/nulla/pede.aspx,2004-07-18
93,Running Time,37,01:48:00,8673086,http://google.it/risus.js,2003-08-24
94,"Thieves, The (Dodookdeul)",34,00:18:00,4420118,http://auda.org.au/feugiat/et.xml,2017-01-29
95,Hollywood Ending,48,00:12:00,6799197,https://cbsnews.com/ipsum/dolor/sit/amet/consectetuer.png,2002-09-06
96,Felon,32,00:45:00,1544469,https://networksolutions.com/lacinia/eget/tincidunt/eget/tempus/vel.html,2008-06-07
97,"Angriest Man in Brooklyn, The",41,00:50:00,2264021,http://soup.io/habitasse/platea/dictumst.jpg,2008-01-05
98,Initial D (Tau man ji D),49,00:11:00,6760801,http://webeden.co.uk/ut/massa/quis/augue/luctus/tincidunt/nulla.xml,2005-07-27
99,Sliver,47,02:14:00,6604725,http://disqus.com/felis/eu/sapien/cursus.html,2018-08-25
100,Guardian Angel,38,00:09:00,9325190,http://whitehouse.gov/tincidunt.jpg,2004-06-21
