username,monthly_listeners,rank,social_media_url
31,374430,1,cnn.com/metus/aenean/fermentum.jsp
32,902667,2,engadget.com/rhoncus/sed/vestibulum/sit/amet.png
33,281588,3,tamu.edu/fusce/congue/diam/id/ornare/imperdiet/sapien.js
34,877688,4,wiley.com/primis/in/faucibus.xml
35,945970,5,youtu.be/amet.jpg
36,351936,6,addtoany.com/felis.json
37,641160,7,reuters.com/morbi/quis/tortor/id/nulla/ultrices/aliquet.png
38,732119,8,squidoo.com/elit/proin/interdum/mauris.png
39,845226,9,dot.gov/lobortis/sapien/sapien.png
40,105137,10,pen.io/eu/felis/fusce.png
41,195299,11,admin.ch/ac/neque/duis/bibendum/morbi/non/quam.xml
42,382569,12,ucla.edu/odio.json
43,42979,13,uiuc.edu/tempor/convallis/nulla.jsp
44,566799,14,nsw.gov.au/dictumst/maecenas.png
45,291909,15,pen.io/velit/donec.html
46,236427,16,zdnet.com/aliquam/lacus/morbi/quis/tortor/id.xml
47,762491,17,cbsnews.com/tincidunt/nulla/mollis/molestie/lorem.png
48,896404,18,digg.com/in/felis/donec/semper.aspx
49,365086,19,yellowbook.com/ligula/sit.jsp
50,468522,20,google.es/vulputate/elementum.jpg
