username,name,image_url,password
1,Kalina Luttger,http://dummyimage.com/159x100.png/ff4444/ffffff,cONhoWk
2,Adrea Veronique,http://dummyimage.com/214x100.png/5fa2dd/ffffff,iH7tVTSw
3,Carla Hurton,http://dummyimage.com/159x100.png/cc0000/ffffff,YTmiI0
4,Amye Bolsteridge,http://dummyimage.com/184x100.png/ff4444/ffffff,nLLU4jS
5,Dayle Ransom,http://dummyimage.com/194x100.png/dddddd/000000,NeMsM8T1eC
6,Adella Laudham,http://dummyimage.com/112x100.png/ff4444/ffffff,D1Pj0RO
7,Rubina Klimecki,http://dummyimage.com/156x100.png/cc0000/ffffff,E3bn2k
8,Quinlan Hamnett,http://dummyimage.com/176x100.png/dddddd/000000,LveaE6mhHM9w
9,Edward Pantling,http://dummyimage.com/173x100.png/dddddd/000000,TkVCuvWuiN7I
10,Menard MacGorley,http://dummyimage.com/193x100.png/5fa2dd/ffffff,bTBCqxr
11,Giuseppe Titmarsh,http://dummyimage.com/142x100.png/cc0000/ffffff,axEY8u9fJW
12,Barrie Verna,http://dummyimage.com/122x100.png/dddddd/000000,7Lo6Mrr
13,See Wealthall,http://dummyimage.com/182x100.png/ff4444/ffffff,4o9ZGQF
14,Carrol Gilchrest,http://dummyimage.com/169x100.png/dddddd/000000,5CHMqG6R
15,Ardis Venneur,http://dummyimage.com/204x100.png/dddddd/000000,omhxVGSitop
16,Reider Culp,http://dummyimage.com/165x100.png/dddddd/000000,yzOZDm27
17,Gayler Dobbinson,http://dummyimage.com/124x100.png/5fa2dd/ffffff,bmbD9cl8fw3
18,Felisha Heaysman,http://dummyimage.com/110x100.png/cc0000/ffffff,Dw7cCt
19,Barbie Hugnin,http://dummyimage.com/107x100.png/cc0000/ffffff,jPIwdKWY
20,Tori Bardwall,http://dummyimage.com/105x100.png/5fa2dd/ffffff,R4vONv
21,Oralle Alenichev,http://dummyimage.com/175x100.png/dddddd/000000,2UeDpRRJIP
22,Penni Phythian,http://dummyimage.com/109x100.png/dddddd/000000,LyQ97ktk
23,Maribelle Fetherstonhaugh,http://dummyimage.com/113x100.png/ff4444/ffffff,EO8sPHSrA
24,Van Westgarth,http://dummyimage.com/183x100.png/cc0000/ffffff,vwOnpfm
25,Sindee Verne,http://dummyimage.com/121x100.png/cc0000/ffffff,ipqW70UIz
26,Rhea Bullimore,http://dummyimage.com/164x100.png/cc0000/ffffff,bbL3x3iADux
27,Jessey Stannus,http://dummyimage.com/115x100.png/5fa2dd/ffffff,vgYRjBWeg
28,Michel Whitaker,http://dummyimage.com/134x100.png/dddddd/000000,ilyvgpf
29,Pebrook Beswick,http://dummyimage.com/160x100.png/ff4444/ffffff,cgcPBoJ
30,Wilt Marchent,http://dummyimage.com/209x100.png/dddddd/000000,ajfd30c
31,Tessie Gleeson,http://dummyimage.com/231x100.png/dddddd/000000,1IQKEJP
32,Antone Eslie,http://dummyimage.com/189x100.png/cc0000/ffffff,CDkEmCYjE
33,Parker Coker,http://dummyimage.com/185x100.png/5fa2dd/ffffff,EBhbbBrW
34,Janetta Carstairs,http://dummyimage.com/144x100.png/dddddd/000000,8T9wP0P94B4r
35,Gib Romke,http://dummyimage.com/120x100.png/dddddd/000000,NMpR0iRVgS
36,Skylar Hatherall,http://dummyimage.com/239x100.png/ff4444/ffffff,XF53if7dk
37,Garold Lindner,http://dummyimage.com/217x100.png/ff4444/ffffff,9JYc4gEUZ2V
38,Gilbertine Leaves,http://dummyimage.com/143x100.png/ff4444/ffffff,TINuf6JZS
39,Stewart Carleman,http://dummyimage.com/238x100.png/ff4444/ffffff,GlsAcG9D7Hl
40,Shelton Penvarden,http://dummyimage.com/220x100.png/ff4444/ffffff,cCoD6niic
41,Keriann Harrisson,http://dummyimage.com/166x100.png/ff4444/ffffff,gSiwvZv
42,Melisa McGrorty,http://dummyimage.com/149x100.png/cc0000/ffffff,WmhQ4sqSu4
43,Xymenes Scriver,http://dummyimage.com/174x100.png/5fa2dd/ffffff,thEl0d
44,Rosabelle Landa,http://dummyimage.com/139x100.png/cc0000/ffffff,9dbkkh
45,Malia Wallentin,http://dummyimage.com/167x100.png/5fa2dd/ffffff,H7aSBaebL2uF
46,Bondy Seamons,http://dummyimage.com/182x100.png/cc0000/ffffff,FBTSwI0
47,Loren Trayton,http://dummyimage.com/178x100.png/dddddd/000000,91oFvUzZ
48,Alexis Gilvear,http://dummyimage.com/179x100.png/5fa2dd/ffffff,F7nDuEQ
49,Rodger Girardini,http://dummyimage.com/231x100.png/5fa2dd/ffffff,lwPCPG
50,Lay Kilsby,http://dummyimage.com/196x100.png/cc0000/ffffff,7WgGg79f
